# flagship_p4 partition table -- 16 MB flash, one factory app.
#
# WHY IT IS HERE: PlatformIO builds partitions.bin from board_build.partitions
# in platformio.ini, NOT from CONFIG_PARTITION_TABLE_* in sdkconfig. Setting
# the sdkconfig symbol alone leaves the flashed table at the pio default's
# 1 MB factory, and the failure is at BOOT rather than at link:
#   "Image length 1306304 doesn't fit in partition length 1048576"
#   "No bootable app partitions in the partition table"
# then a reset loop (measured 2026-09-20, bd val-091.4). platformio.ini is the
# one home for this fact; sdkconfig carries nothing about it.
#
# 4 MB of factory against a 1.31 MB image: the vendored Ruckig step solvers
# that vmotion wraps are most of the growth, and none of it is compressible by
# build flags. No OTA slots yet -- adding them is a table change, not a code
# change, and it is not owed until this board takes remote updates.
# Name,   Type, SubType, Offset,  Size,     Flags
nvs,      data, nvs,     0x9000,  0x6000,
phy_init, data, phy,     0xf000,  0x1000,
factory,  app,  factory, 0x10000, 0x400000,
